{"id":"496e9a09-40d8-11ea-8f97-5c514f9132e6","name":"BulkUserUpload","key":"bulkuserupload","description":"Bulk User Upload","editorJson":{"modelId":"496e9a09-40d8-11ea-8f97-5c514f9132e6","bounds":{"lowerRight":{"x":1313,"y":1050},"upperLeft":{"x":0,"y":0}},"properties":{"process_id":"bulkuserupload","name":"BulkUserUpload","documentation":"Bulk User Upload","process_author":"","process_version":"","process_namespace":"http://www.flowable.org/processdef","process_historylevel":"","isexecutable":true,"dataproperties":"","executionlisteners":"","eventlisteners":"","signaldefinitions":"","messagedefinitions":"","escalationdefinitions":"","process_potentialstarteruser":"","process_potentialstartergroup":"","iseagerexecutionfetch":"false"},"childShapes":[{"resourceId":"sid-37123323-3166-4567-9337-A3793E647F7C","properties":{"overrideid":"start","name":"","documentation":"","executionlisteners":"","initiator":"","formkeydefinition":"","formreference":"","formfieldvalidation":true,"formproperties":""},"stencil":{"id":"StartNoneEvent"},"childShapes":[],"outgoing":[{"resourceId":"sid-40AE5032-2AFF-43F3-A03A-D4C0D6502A12"}],"bounds":{"lowerRight":{"x":150,"y":135},"upperLeft":{"x":120,"y":105}},"dockers":[]},{"resourceId":"sid-B91FBEA0-A065-46E4-A9A8-4DF2C0444082","properties":{"overrideid":"manual","name":"Create Record","documentation":"","asynchronousdefinition":"false","exclusivedefinition":"false","executionlisteners":"","multiinstance_type":"None","multiinstance_cardinality":"","multiinstance_collection":"","multiinstance_variable":"","multiinstance_condition":"","isforcompensation":"false","usertaskassignment":{"assignment":{"type":"idm","initiatorCanCompleteTask":true,"idm":{"type":"initiator"}}},"formkeydefinition":"","formreference":{"id":"4af2de2b-40da-11ea-8f97-5c514f9132e6","name":"Bulk Upload Form","key":"bulkuploadform1"},"formfieldvalidation":true,"duedatedefinition":"","prioritydefinition":"","formproperties":"","tasklisteners":"","skipexpression":"","categorydefinition":""},"stencil":{"id":"UserTask"},"childShapes":[],"outgoing":[{"resourceId":"sid-6E24D4C9-641B-48FC-A639-B92DAEAEF5FB"}],"bounds":{"lowerRight":{"x":350,"y":163},"upperLeft":{"x":250,"y":83}},"dockers":[]},{"resourceId":"sid-40AE5032-2AFF-43F3-A03A-D4C0D6502A12","properties":{"overrideid":"flow1","name":"","documentation":"","conditionsequenceflow":"","executionlisteners":"","defaultflow":"false","skipexpression":""},"stencil":{"id":"SequenceFlow"},"childShapes":[],"outgoing":[{"resourceId":"sid-B91FBEA0-A065-46E4-A9A8-4DF2C0444082"}],"bounds":{"lowerRight":{"x":249.37125899828666,"y":122.07947743633248},"upperLeft":{"x":150.17952225171334,"y":120.27599131366752}},"dockers":[{"x":15,"y":15},{"x":50,"y":40}],"target":{"resourceId":"sid-B91FBEA0-A065-46E4-A9A8-4DF2C0444082"}},{"resourceId":"sid-A8F90F2E-174D-4FAF-9DAB-D4C7593BE311","properties":{"scriptformat":"groovy","scripttext":"System.out.println(\"@@@@@@STEP1 START\");","overrideid":"step1","name":"Step1","documentation":"","asynchronousdefinition":"false","exclusivedefinition":"false","executionlisteners":"","multiinstance_type":"None","multiinstance_cardinality":"","multiinstance_collection":"","multiinstance_variable":"","multiinstance_condition":"","isforcompensation":"false","scriptautostorevariables":"false"},"stencil":{"id":"ScriptTask"},"childShapes":[],"outgoing":[{"resourceId":"sid-91982CFD-1E99-4F16-A6EE-3882FB976757"}],"bounds":{"lowerRight":{"x":340,"y":290},"upperLeft":{"x":240,"y":210}},"dockers":[]},{"resourceId":"sid-6E24D4C9-641B-48FC-A639-B92DAEAEF5FB","properties":{"overrideid":"flow2","name":"Flow2","documentation":"","conditionsequenceflow":"","executionlisteners":"","defaultflow":"false","skipexpression":""},"stencil":{"id":"SequenceFlow"},"childShapes":[],"outgoing":[{"resourceId":"sid-A8F90F2E-174D-4FAF-9DAB-D4C7593BE311"}],"bounds":{"lowerRight":{"x":296.7965028082849,"y":209.3155856652185},"upperLeft":{"x":293.2034971917151,"y":163.6844143347815}},"dockers":[{"x":50,"y":40},{"x":50,"y":40}],"target":{"resourceId":"sid-A8F90F2E-174D-4FAF-9DAB-D4C7593BE311"}},{"resourceId":"sid-314E1402-CDEF-4541-AF91-90DBB7368DC5","properties":{"scriptformat":"groovy","scripttext":"System.out.println(\"@@@@@@STEP2 COMPLETE\");","overrideid":"","name":"Step2\n","documentation":"","asynchronousdefinition":"false","exclusivedefinition":"false","executionlisteners":"","multiinstance_type":"None","multiinstance_cardinality":"","multiinstance_collection":"","multiinstance_variable":"","multiinstance_condition":"","isforcompensation":"false","scriptautostorevariables":"false"},"stencil":{"id":"ScriptTask"},"childShapes":[],"outgoing":[{"resourceId":"sid-FCD77BFB-8946-456B-BAC4-F1467FE2AE7A"}],"bounds":{"lowerRight":{"x":655,"y":260},"upperLeft":{"x":555,"y":180}},"dockers":[]},{"resourceId":"sid-E48754F0-AD44-42CC-8B95-31C39DA261D8","properties":{"overrideid":"timer1","name":"timer1","documentation":"","executionlisteners":"","timercycledefinition":"","timerdatedefinition":"","timerdurationdefinition":"PT5S"},"stencil":{"id":"CatchTimerEvent"},"childShapes":[],"outgoing":[{"resourceId":"sid-942CD091-5BE5-425B-BB7F-82C54F576B7B"}],"bounds":{"lowerRight":{"x":466,"y":265.5},"upperLeft":{"x":435,"y":234.5}},"dockers":[{"x":450.5,"y":250}]},{"resourceId":"sid-91982CFD-1E99-4F16-A6EE-3882FB976757","properties":{"overrideid":"","name":"","documentation":"","conditionsequenceflow":"","executionlisteners":"","defaultflow":"false","skipexpression":""},"stencil":{"id":"SequenceFlow"},"childShapes":[],"outgoing":[{"resourceId":"sid-E48754F0-AD44-42CC-8B95-31C39DA261D8"}],"bounds":{"lowerRight":{"x":435.70703125,"y":250},"upperLeft":{"x":340.529296875,"y":250}},"dockers":[{"x":50,"y":40},{"x":15.5,"y":15.5}],"target":{"resourceId":"sid-E48754F0-AD44-42CC-8B95-31C39DA261D8"}},{"resourceId":"sid-942CD091-5BE5-425B-BB7F-82C54F576B7B","properties":{"overrideid":"","name":"","documentation":"","conditionsequenceflow":"","executionlisteners":"","defaultflow":"false","skipexpression":""},"stencil":{"id":"SequenceFlow"},"childShapes":[],"outgoing":[{"resourceId":"sid-314E1402-CDEF-4541-AF91-90DBB7368DC5"}],"bounds":{"lowerRight":{"x":554.6909285584007,"y":247.44634664630664},"upperLeft":{"x":466.41844644159926,"y":229.96380960369336}},"dockers":[{"x":16,"y":16},{"x":50,"y":40}],"target":{"resourceId":"sid-314E1402-CDEF-4541-AF91-90DBB7368DC5"}},{"resourceId":"sid-F055F26C-0B32-4EAC-9827-58043DAC1F30","properties":{"overrideid":"parallel1","name":"","documentation":"","asynchronousdefinition":"false","exclusivedefinition":"false","sequencefloworder":""},"stencil":{"id":"ParallelGateway"},"childShapes":[],"outgoing":[{"resourceId":"sid-915B8FEE-947B-4041-97FD-5187F9A7E36B"},{"resourceId":"sid-F61E9AA8-8702-4A8C-8487-5BB0207F8113"}],"bounds":{"lowerRight":{"x":760,"y":240},"upperLeft":{"x":720,"y":200}},"dockers":[]},{"resourceId":"sid-953AB530-3013-4E08-AFC1-A3296AE5B51B","properties":{"scriptformat":"groovy","scripttext":"System.out.println(\"@@@@@PARALLEL 1 STEP\");","overrideid":"pstep1","name":"PARALLEL STEP1\n","documentation":"","asynchronousdefinition":"false","exclusivedefinition":"false","executionlisteners":"","multiinstance_type":"None","multiinstance_cardinality":"","multiinstance_collection":"","multiinstance_variable":"","multiinstance_condition":"","isforcompensation":"false","scriptautostorevariables":"false"},"stencil":{"id":"ScriptTask"},"childShapes":[],"outgoing":[{"resourceId":"sid-E657BD0A-8A57-46A2-8F20-AA12A9A3B9EC"}],"bounds":{"lowerRight":{"x":895,"y":125},"upperLeft":{"x":795,"y":45}},"dockers":[]},{"resourceId":"sid-A72D1E66-440D-4C68-9F65-9752425EBB1B","properties":{"scriptformat":"groovy","scripttext":"System.out.println(\"@@@@@PARALLEL 2 STEP\");","overrideid":"pstep2","name":"PARALLEL STEP2\n","documentation":"","asynchronousdefinition":"false","exclusivedefinition":"false","executionlisteners":"","multiinstance_type":"None","multiinstance_cardinality":"","multiinstance_collection":"","multiinstance_variable":"","multiinstance_condition":"","isforcompensation":"false","scriptautostorevariables":"false"},"stencil":{"id":"ScriptTask"},"childShapes":[],"outgoing":[{"resourceId":"sid-422DB315-1795-4466-9996-8C339344728F"}],"bounds":{"lowerRight":{"x":919,"y":298},"upperLeft":{"x":819,"y":218}},"dockers":[]},{"resourceId":"sid-FCD77BFB-8946-456B-BAC4-F1467FE2AE7A","properties":{"overrideid":"fromstep1","name":"","documentation":"","conditionsequenceflow":"","executionlisteners":"","defaultflow":"false","skipexpression":""},"stencil":{"id":"SequenceFlow"},"childShapes":[],"outgoing":[{"resourceId":"sid-F055F26C-0B32-4EAC-9827-58043DAC1F30"}],"bounds":{"lowerRight":{"x":720.015625,"y":220},"upperLeft":{"x":655.5703125,"y":220}},"dockers":[{"x":50,"y":40},{"x":20,"y":20}],"target":{"resourceId":"sid-F055F26C-0B32-4EAC-9827-58043DAC1F30"}},{"resourceId":"sid-915B8FEE-947B-4041-97FD-5187F9A7E36B","properties":{"overrideid":"fromparallel1","name":"","documentation":"","conditionsequenceflow":"","executionlisteners":"","defaultflow":"false","skipexpression":""},"stencil":{"id":"SequenceFlow"},"childShapes":[],"outgoing":[{"resourceId":"sid-953AB530-3013-4E08-AFC1-A3296AE5B51B"}],"bounds":{"lowerRight":{"x":813.7740668537627,"y":209.12219949997458},"upperLeft":{"x":749.2747612712373,"y":125.48912862502542}},"dockers":[{"x":20.5,"y":20.5},{"x":50,"y":40}],"target":{"resourceId":"sid-953AB530-3013-4E08-AFC1-A3296AE5B51B"}},{"resourceId":"sid-F61E9AA8-8702-4A8C-8487-5BB0207F8113","properties":{"overrideid":"fromparallel2","name":"","documentation":"","conditionsequenceflow":"","executionlisteners":"","defaultflow":"false","skipexpression":""},"stencil":{"id":"SequenceFlow"},"childShapes":[],"outgoing":[{"resourceId":"sid-A72D1E66-440D-4C68-9F65-9752425EBB1B"}],"bounds":{"lowerRight":{"x":818.8486355954675,"y":243.36438781968894},"upperLeft":{"x":756.5185519045325,"y":225.17467468031106}},"dockers":[{"x":20.5,"y":20.5},{"x":50,"y":40}],"target":{"resourceId":"sid-A72D1E66-440D-4C68-9F65-9752425EBB1B"}},{"resourceId":"sid-885A14D7-7775-4675-A804-E82537D5D9DE","properties":{"scriptformat":"groovy","scripttext":"System.out.println(\"@@@@@Combined Step3\");","overrideid":"cstep3","name":"Combine step3\n","documentation":"","asynchronousdefinition":"false","exclusivedefinition":"false","executionlisteners":"","multiinstance_type":"None","multiinstance_cardinality":"","multiinstance_collection":"","multiinstance_variable":"","multiinstance_condition":"","isforcompensation":"false","scriptautostorevariables":"false"},"stencil":{"id":"ScriptTask"},"childShapes":[],"outgoing":[{"resourceId":"sid-F15E6B7B-59FF-4242-B8F3-428A376975A8"}],"bounds":{"lowerRight":{"x":1213,"y":95},"upperLeft":{"x":1113,"y":15}},"dockers":[]},{"resourceId":"sid-E7F9113F-3DCB-4E8A-9ABF-2332E537BE64","properties":{"overrideid":"","name":"","documentation":"","executionlisteners":""},"stencil":{"id":"EndNoneEvent"},"childShapes":[],"outgoing":[],"bounds":{"lowerRight":{"x":1177,"y":162},"upperLeft":{"x":1149,"y":134}},"dockers":[]},{"resourceId":"sid-57663485-9A58-4A21-B7D2-535BE3F2600B","properties":{"overrideid":"makepayment","name":"","documentation":"","asynchronousdefinition":"false","exclusivedefinition":"false","dataproperties":"","executionlisteners":"","multiinstance_type":"None","multiinstance_cardinality":"","multiinstance_collection":"","multiinstance_variable":"","multiinstance_condition":"","istransaction":"false"},"stencil":{"id":"SubProcess"},"childShapes":[{"resourceId":"sid-F5283BA9-9D42-4C3C-8FCD-6F4275CCC89F","properties":{"overrideid":"s1start1","name":"","documentation":"","executionlisteners":"","initiator":"","formkeydefinition":"","formreference":"","formfieldvalidation":true,"formproperties":""},"stencil":{"id":"StartNoneEvent"},"childShapes":[],"outgoing":[{"resourceId":"sid-23642F06-0ACD-4857-8963-A186DFF174B6"}],"bounds":{"lowerRight":{"x":60,"y":71.5},"upperLeft":{"x":30,"y":41.5}},"dockers":[]},{"resourceId":"sid-BA586690-D064-46B6-92B8-39EDE340AE2D","properties":{"overrideid":"s1end","name":"","documentation":"","executionlisteners":""},"stencil":{"id":"EndNoneEvent"},"childShapes":[],"outgoing":[],"bounds":{"lowerRight":{"x":294,"y":69},"upperLeft":{"x":266,"y":41}},"dockers":[]},{"resourceId":"sid-6E7DC5F8-9D8B-49A8-902E-169E7E17AC14","properties":{"scriptformat":"groovy","scripttext":"System.out.println(\"@@@@@PAYMENT RECEIVED\");","overrideid":"s1payment","name":"Payment","documentation":"","asynchronousdefinition":"false","exclusivedefinition":"false","executionlisteners":"","multiinstance_type":"None","multiinstance_cardinality":"","multiinstance_collection":"","multiinstance_variable":"","multiinstance_condition":"","isforcompensation":"false","scriptautostorevariables":"false"},"stencil":{"id":"ScriptTask"},"childShapes":[],"outgoing":[{"resourceId":"sid-797E81E4-7C53-4F01-8010-17541909D024"}],"bounds":{"lowerRight":{"x":208,"y":90},"upperLeft":{"x":108,"y":10}},"dockers":[]}],"outgoing":[{"resourceId":"sid-1D3F6263-C622-41D2-A9E4-2E173344E9FE"}],"bounds":{"lowerRight":{"x":608,"y":428},"upperLeft":{"x":285,"y":315}},"dockers":[]},{"resourceId":"sid-23642F06-0ACD-4857-8963-A186DFF174B6","properties":{"overrideid":"","name":"","documentation":"","conditionsequenceflow":"","executionlisteners":"","defaultflow":"false","skipexpression":""},"stencil":{"id":"SequenceFlow"},"childShapes":[],"outgoing":[{"resourceId":"sid-6E7DC5F8-9D8B-49A8-902E-169E7E17AC14"}],"bounds":{"lowerRight":{"x":392.5641503031103,"y":370.63007280504615},"upperLeft":{"x":345.1233496968897,"y":367.90117719495385}},"dockers":[{"x":15,"y":15},{"x":50,"y":40}],"target":{"resourceId":"sid-6E7DC5F8-9D8B-49A8-902E-169E7E17AC14"}},{"resourceId":"sid-797E81E4-7C53-4F01-8010-17541909D024","properties":{"overrideid":"","name":"","documentation":"","conditionsequenceflow":"","executionlisteners":"","defaultflow":"false","skipexpression":""},"stencil":{"id":"SequenceFlow"},"childShapes":[],"outgoing":[{"resourceId":"sid-BA586690-D064-46B6-92B8-39EDE340AE2D"}],"bounds":{"lowerRight":{"x":550.6570887715153,"y":369.4121757693244},"upperLeft":{"x":493.5616612284847,"y":367.0721992306756}},"dockers":[{"x":50,"y":40},{"x":14,"y":14}],"target":{"resourceId":"sid-BA586690-D064-46B6-92B8-39EDE340AE2D"}},{"resourceId":"sid-F15E6B7B-59FF-4242-B8F3-428A376975A8","properties":{"overrideid":"fromcs3","name":"","documentation":"","conditionsequenceflow":"","executionlisteners":"","defaultflow":"false","skipexpression":""},"stencil":{"id":"SequenceFlow"},"childShapes":[],"outgoing":[{"resourceId":"sid-57663485-9A58-4A21-B7D2-535BE3F2600B"}],"bounds":{"lowerRight":{"x":1112.4060702791387,"y":314.8430058269198},"upperLeft":{"x":574.7614101896113,"y":77.34888870433022}},"dockers":[{"x":50,"y":40},{"x":161.5,"y":56.5}],"target":{"resourceId":"sid-57663485-9A58-4A21-B7D2-535BE3F2600B"}},{"resourceId":"sid-9C01D202-ABBC-43E5-A35F-E43671372916","properties":{"overrideid":"combine1","name":"","documentation":"","asynchronousdefinition":"false","exclusivedefinition":"false","sequencefloworder":""},"stencil":{"id":"ParallelGateway"},"childShapes":[],"outgoing":[{"resourceId":"sid-A7026B47-13F0-4E0C-B925-4BDA1C3C1D15"}],"bounds":{"lowerRight":{"x":1020,"y":88},"upperLeft":{"x":980,"y":48}},"dockers":[]},{"resourceId":"sid-A7026B47-13F0-4E0C-B925-4BDA1C3C1D15","properties":{"overrideid":"fromcombine1","name":"","documentation":"","conditionsequenceflow":"","executionlisteners":"","defaultflow":"false","skipexpression":""},"stencil":{"id":"SequenceFlow"},"childShapes":[],"outgoing":[{"resourceId":"sid-885A14D7-7775-4675-A804-E82537D5D9DE"}],"bounds":{"lowerRight":{"x":1112.4917143767582,"y":66.94064579053067},"upperLeft":{"x":1019.2700043732419,"y":59.196072959469326}},"dockers":[{"x":20.5,"y":20.5},{"x":50,"y":40}],"target":{"resourceId":"sid-885A14D7-7775-4675-A804-E82537D5D9DE"}},{"resourceId":"sid-E657BD0A-8A57-46A2-8F20-AA12A9A3B9EC","properties":{"overrideid":"fromps1","name":"","documentation":"","conditionsequenceflow":"","executionlisteners":"","defaultflow":"false","skipexpression":""},"stencil":{"id":"SequenceFlow"},"childShapes":[],"outgoing":[{"resourceId":"sid-9C01D202-ABBC-43E5-A35F-E43671372916"}],"bounds":{"lowerRight":{"x":980.841898343892,"y":79.4456638506204},"upperLeft":{"x":895.642476656108,"y":70.1012111493796}},"dockers":[{"x":50,"y":40},{"x":20,"y":20}],"target":{"resourceId":"sid-9C01D202-ABBC-43E5-A35F-E43671372916"}},{"resourceId":"sid-422DB315-1795-4466-9996-8C339344728F","properties":{"overrideid":"fromps2","name":"","documentation":"","conditionsequenceflow":"","executionlisteners":"","defaultflow":"false","skipexpression":""},"stencil":{"id":"SequenceFlow"},"childShapes":[],"outgoing":[{"resourceId":"sid-9C01D202-ABBC-43E5-A35F-E43671372916"}],"bounds":{"lowerRight":{"x":991.7565870546755,"y":217.84077988846064},"upperLeft":{"x":896.6887254453245,"y":79.95609511153934}},"dockers":[{"x":50,"y":40},{"x":20,"y":20}],"target":{"resourceId":"sid-9C01D202-ABBC-43E5-A35F-E43671372916"}},{"resourceId":"sid-2392F610-107A-496B-AA8B-CE627868ED0A","properties":{"overrideid":"timer2","name":"timer2","documentation":"","executionlisteners":"","timercycledefinition":"","timerdatedefinition":"","timerdurationdefinition":"PT1M"},"stencil":{"id":"CatchTimerEvent"},"childShapes":[],"outgoing":[{"resourceId":"sid-54B89189-0051-4E60-949B-A8B29A38B0FE"}],"bounds":{"lowerRight":{"x":745.5,"y":378.5},"upperLeft":{"x":714.5,"y":347.5}},"dockers":[{"x":730,"y":363}]},{"resourceId":"sid-54B89189-0051-4E60-949B-A8B29A38B0FE","properties":{"overrideid":"fromtimer2","name":"","documentation":"","conditionsequenceflow":"","executionlisteners":"","defaultflow":"false","skipexpression":""},"stencil":{"id":"SequenceFlow"},"childShapes":[],"outgoing":[{"resourceId":"sid-E7F9113F-3DCB-4E8A-9ABF-2332E537BE64"}],"bounds":{"lowerRight":{"x":1150.2787809539127,"y":356.74055195687737},"upperLeft":{"x":744.0659456085872,"y":154.33854960562266}},"dockers":[{"x":16,"y":16},{"x":14,"y":14}],"target":{"resourceId":"sid-E7F9113F-3DCB-4E8A-9ABF-2332E537BE64"}},{"resourceId":"sid-1D3F6263-C622-41D2-A9E4-2E173344E9FE","properties":{"overrideid":"frompsp1","name":"","documentation":"","conditionsequenceflow":"","executionlisteners":"","defaultflow":"false","skipexpression":""},"stencil":{"id":"SequenceFlow"},"childShapes":[],"outgoing":[{"resourceId":"sid-2392F610-107A-496B-AA8B-CE627868ED0A"}],"bounds":{"lowerRight":{"x":714.6039647932455,"y":366.65557797880984},"upperLeft":{"x":608.0757227067545,"y":363.46160952119016}},"dockers":[{"x":161.5,"y":56.5},{"x":15.5,"y":15.5}],"target":{"resourceId":"sid-2392F610-107A-496B-AA8B-CE627868ED0A"}}],"stencil":{"id":"BPMNDiagram"},"stencilset":{"namespace":"http://b3mn.org/stencilset/bpmn2.0#","url":"../editor/stencilsets/bpmn2.0/bpmn2.0.json"}}}