{"id":"4af2de2b-40da-11ea-8f97-5c514f9132e6","name":"Bulk Upload Form","key":"bulkuploadform1","description":"Bulk Upload Form","editorJson":{"name":"Bulk Upload Form","key":"bulkuploadform1","version":0,"fields":[{"fieldType":"FormField","id":"id","name":"ID","type":"text","value":null,"required":false,"readOnly":false,"overrideId":false,"placeholder":null,"layout":null},{"fieldType":"FormField","id":"username","name":"Username","type":"text","value":null,"required":false,"readOnly":false,"overrideId":false,"placeholder":null,"layout":null},{"fieldType":"FormField","id":"password","name":"Password","type":"password","value":null,"required":false,"readOnly":false,"overrideId":false,"placeholder":null,"layout":null}],"outcomes":[]}}